{
  "XGBoost_Enhanced": {
    "accuracy": 0.7945,
    "roc_auc": 0.5013522789739067,
    "cv_mean": 0.8859081909446271,
    "cv_std": 0.0033139949597035608
  },
  "LightGBM_Enhanced": {
    "accuracy": 0.7945,
    "roc_auc": 0.4985808455026115,
    "cv_mean": 0.8738149023370392,
    "cv_std": 0.0028188862808170147
  },
  "Random_Forest_Enhanced": {
    "accuracy": 0.7944,
    "roc_auc": 0.496842525942497,
    "cv_mean": 0.9154277073734136,
    "cv_std": 0.0031734535053728973
  },
  "Ensemble": {
    "accuracy": 0.7945,
    "roc_auc": 0.4987897023177901,
    "cv_mean": 0.9005741385976302,
    "cv_std": 0.003588325546259705
  }
}