{
  "XGBoost": {
    "accuracy": 0.9995084442259752,
    "roc_auc": 0.9780028323935088
  },
  "LightGBM": {
    "accuracy": 0.9990695551420246,
    "roc_auc": 0.8110814704328552
  },
  "Random Forest": {
    "accuracy": 0.9995786664794073,
    "roc_auc": 0.9731548887140675
  }
}