{
  "XGBoost_Enhanced": {
    "accuracy": 0.7945,
    "roc_auc": 0.4905154200334109,
    "cv_mean": 0.8859304229418699,
    "cv_std": 0.0021428573497560104
  },
  "LightGBM_Enhanced": {
    "accuracy": 0.7945,
    "roc_auc": 0.4923719029397669,
    "cv_mean": 0.8730521959977162,
    "cv_std": 0.0028411989485683594
  },
  "Random_Forest_Enhanced": {
    "accuracy": 0.7944,
    "roc_auc": 0.49596128492877584,
    "cv_mean": 0.915555957094849,
    "cv_std": 0.0032856578576767755
  },
  "Ensemble": {
    "accuracy": 0.7945,
    "roc_auc": 0.49150004823306215,
    "cv_mean": 0.8998439896137892,
    "cv_std": 0.0030708541229411508
  }
}